Workbook

Sheet CI_ESTACIÓN
A1: ??? | B1: K_SISTEMA_EXE | C1: K_USUARIO_ACCION | D1: [K] | E1: [D] | F1: [L] | H1: EXECUTE [dbo].[ | I1: PG_CI_ESTACION_TRABAJO | J1: ] | K1: =CONCATENATE($H$1,$I$1,$J$1, B3, ", ", C3, ", ", ) -> EXECUTE [dbo].[PG_CI_ESTACION_TRABAJO] 0, 0,
B2: - | C2: - | D2: - | E2: - | F2: - | H2: ="-- ==========================================================" -> -- ==========================================================
B3: 0 | C3: 0 | D3: 0 | E3: (NO APLICA) | F3: 1 | H3: =CONCATENATE(CI_ESTACIÓN!$K$1,D3,", '",E3,"', ",F3,"") -> EXECUTE [dbo].[PG_CI_ESTACION_TRABAJO] 0, 0, 0, '(NO APLICA)', 1
B4: 0 | C4: 0 | D4: 1 | E4: Prensa 1 | F4: 1 | H4: =CONCATENATE(CI_ESTACIÓN!$K$1,D4,", '",E4,"', ",F4,"") -> EXECUTE [dbo].[PG_CI_ESTACION_TRABAJO] 0, 0, 1, 'Prensa 1', 1
B5: 0 | C5: 0 | D5: 2 | E5: Prensa 2 | F5: 1 | H5: =CONCATENATE(CI_ESTACIÓN!$K$1,D5,", '",E5,"', ",F5,"") -> EXECUTE [dbo].[PG_CI_ESTACION_TRABAJO] 0, 0, 2, 'Prensa 2', 1
B6: 0 | C6: 0 | D6: 3 | E6: Prensa 3 | F6: 1 | H6: =CONCATENATE(CI_ESTACIÓN!$K$1,D6,", '",E6,"', ",F6,"") -> EXECUTE [dbo].[PG_CI_ESTACION_TRABAJO] 0, 0, 3, 'Prensa 3', 1
B7: 0 | C7: 0 | D7: 4 | E7: Prensa 4 | F7: 1 | H7: =CONCATENATE(CI_ESTACIÓN!$K$1,D7,", '",E7,"', ",F7,"") -> EXECUTE [dbo].[PG_CI_ESTACION_TRABAJO] 0, 0, 4, 'Prensa 4', 1
B8: 0 | C8: 0 | D8: 5 | E8: Prensa 5 | F8: 1 | H8: =CONCATENATE(CI_ESTACIÓN!$K$1,D8,", '",E8,"', ",F8,"") -> EXECUTE [dbo].[PG_CI_ESTACION_TRABAJO] 0, 0, 5, 'Prensa 5', 1
B9: 0 | C9: 0 | D9: 6 | E9: Prensa 6 | F9: 1 | H9: =CONCATENATE(CI_ESTACIÓN!$K$1,D9,", '",E9,"', ",F9,"") -> EXECUTE [dbo].[PG_CI_ESTACION_TRABAJO] 0, 0, 6, 'Prensa 6', 1
B10: 0 | C10: 0 | D10: 7 | E10: Prensa 7 | F10: 1 | H10: =CONCATENATE(CI_ESTACIÓN!$K$1,D10,", '",E10,"', ",F10,"") -> EXECUTE [dbo].[PG_CI_ESTACION_TRABAJO] 0, 0, 7, 'Prensa 7', 1
B11: 0 | C11: 0 | D11: 8 | E11: Prensa 8 | F11: 1 | H11: =CONCATENATE(CI_ESTACIÓN!$K$1,D11,", '",E11,"', ",F11,"") -> EXECUTE [dbo].[PG_CI_ESTACION_TRABAJO] 0, 0, 8, 'Prensa 8', 1
B12: 0 | C12: 0 | D12: 9 | E12: Edificio | F12: 1 | H12: =CONCATENATE(CI_ESTACIÓN!$K$1,D12,", '",E12,"', ",F12,"") -> EXECUTE [dbo].[PG_CI_ESTACION_TRABAJO] 0, 0, 9, 'Edificio', 1
B13: 0 | C13: 0 | D13: 10 | E13: Engomadora 1 | F13: 1 | H13: =CONCATENATE(CI_ESTACIÓN!$K$1,D13,", '",E13,"', ",F13,"") -> EXECUTE [dbo].[PG_CI_ESTACION_TRABAJO] 0, 0, 10, 'Engomadora 1', 1
B14: 0 | C14: 0 | D14: 11 | E14: Laminadora | F14: 1 | H14: =CONCATENATE(CI_ESTACIÓN!$K$1,D14,", '",E14,"', ",F14,"") -> EXECUTE [dbo].[PG_CI_ESTACION_TRABAJO] 0, 0, 11, 'Laminadora', 1
... B26: 0 | C26: 0 | D26: 23 | E26: Rectificadora | F26: 1 | H26: =CONCATENATE(CI_ESTACIÓN!$K$1,D26,", '",E26,"', ",F26,"") -> EXECUTE [dbo].[PG_CI_ESTACION_TRABAJO] 0, 0, 23, 'Rectificadora', 1

Sheet CI_SUB_ESTACION
A1: ??? | B1: K_SISTEMA_EXE | C1: K_USUARIO_ACCION | D1: [K] | E1: [K_ESTACION] | F1: [D] | G1: [L] | I1: EXECUTE [dbo].[ | J1: PG_CI_MOTIVO_ORDEN_TRABAJO | K1: ] | L1: =CONCATENATE($I$1,$J$1,$K$1,B3, ", ", C3, ", ", ) -> EXECUTE [dbo].[PG_CI_MOTIVO_ORDEN_TRABAJO] 0, 0,
B2: - | C2: - | D2: - | E2: - | F2: - | G2: - | I2: ="-- ==========================================================" -> -- ==========================================================
B3: 0 | C3: 0 | D3: 1 | E3: 1 | F3: MESA 01 | G3: 1 | I3: =CONCATENATE(CI_SUB_ESTACION!$L$1,D3,",",E3,",'",F3,"', ",G3,"") -> EXECUTE [dbo].[PG_CI_MOTIVO_ORDEN_TRABAJO] 0, 0, 1,1,'MESA 01', 1
B4: 0 | C4: 0 | D4: 2 | E4: 1 | F4: MESA 02 | G4: 1 | I4: =CONCATENATE(CI_SUB_ESTACION!$L$1,D4,",",E4,",'",F4,"', ",G4,"") -> EXECUTE [dbo].[PG_CI_MOTIVO_ORDEN_TRABAJO] 0, 0, 2,1,'MESA 02', 1
B5: 0 | C5: 0 | D5: 3 | E5: 1 | F5: MESA 03 | G5: 1 | I5: =CONCATENATE(CI_SUB_ESTACION!$L$1,D5,",",E5,",'",F5,"', ",G5,"") -> EXECUTE [dbo].[PG_CI_MOTIVO_ORDEN_TRABAJO] 0, 0, 3,1,'MESA 03', 1
B6: 0 | C6: 0 | D6: 4 | E6: 1 | F6: MESA 04 | G6: 1 | I6: =CONCATENATE(CI_SUB_ESTACION!$L$1,D6,",",E6,",'",F6,"', ",G6,"") -> EXECUTE [dbo].[PG_CI_MOTIVO_ORDEN_TRABAJO] 0, 0, 4,1,'MESA 04', 1
B7: 0 | C7: 0 | D7: 5 | E7: 1 | F7: MESA 05 | G7: 1 | I7: =CONCATENATE(CI_SUB_ESTACION!$L$1,D7,",",E7,",'",F7,"', ",G7,"") -> EXECUTE [dbo].[PG_CI_MOTIVO_ORDEN_TRABAJO] 0, 0, 5,1,'MESA 05', 1
B8: 0 | C8: 0 | D8: 6 | E8: 1 | F8: MESA 06 | G8: 1 | I8: =CONCATENATE(CI_SUB_ESTACION!$L$1,D8,",",E8,",'",F8,"', ",G8,"") -> EXECUTE [dbo].[PG_CI_MOTIVO_ORDEN_TRABAJO] 0, 0, 6,1,'MESA 06', 1
B9: 0 | C9: 0 | D9: 7 | E9: 1 | F9: MESA 07 | G9: 1 | I9: =CONCATENATE(CI_SUB_ESTACION!$L$1,D9,",",E9,",'",F9,"', ",G9,"") -> EXECUTE [dbo].[PG_CI_MOTIVO_ORDEN_TRABAJO] 0, 0, 7,1,'MESA 07', 1
B10: 0 | C10: 0 | D10: 8 | E10: 1 | F10: MESA 08 | G10: 1 | I10: =CONCATENATE(CI_SUB_ESTACION!$L$1,D10,",",E10,",'",F10,"', ",G10,"") -> EXECUTE [dbo].[PG_CI_MOTIVO_ORDEN_TRABAJO] 0, 0, 8,1,'MESA 08', 1
B11: 0 | C11: 0 | D11: 9 | E11: 1 | F11: MESA 09 | G11: 1 | I11: =CONCATENATE(CI_SUB_ESTACION!$L$1,D11,",",E11,",'",F11,"', ",G11,"") -> EXECUTE [dbo].[PG_CI_MOTIVO_ORDEN_TRABAJO] 0, 0, 9,1,'MESA 09', 1
B12: 0 | C12: 0 | D12: 10 | E12: 1 | F12: MESA 10 | G12: 1 | I12: =CONCATENATE(CI_SUB_ESTACION!$L$1,D12,",",E12,",'",F12,"', ",G12,"") -> EXECUTE [dbo].[PG_CI_MOTIVO_ORDEN_TRABAJO] 0, 0, 10,1,'MESA 10', 1
B13: 0 | C13: 0 | D13: 11 | E13: 1 | F13: MESA 11 | G13: 1 | I13: =CONCATENATE(CI_SUB_ESTACION!$L$1,D13,",",E13,",'",F13,"', ",G13,"") -> EXECUTE [dbo].[PG_CI_MOTIVO_ORDEN_TRABAJO] 0, 0, 11,1,'MESA 11', 1
B14: 0 | C14: 0 | D14: 12 | E14: 1 | F14: MESA 12 | G14: 1 | I14: =CONCATENATE(CI_SUB_ESTACION!$L$1,D14,",",E14,",'",F14,"', ",G14,"") -> EXECUTE [dbo].[PG_CI_MOTIVO_ORDEN_TRABAJO] 0, 0, 12,1,'MESA 12', 1
... B87: 0 | C87: 0 | D87: 85 | E87: 8 | F87: MESA 85 | G87: 1 | I87: =CONCATENATE(CI_SUB_ESTACION!$L$1,D87,",",E87,",'",F87,"', ",G87,"") -> EXECUTE [dbo].[PG_CI_MOTIVO_ORDEN_TRABAJO] 0, 0, 85,8,'MESA 85', 1

Sheet CI_MOTIVO
A1: ??? | B1: K_SISTEMA_EXE | C1: K_USUARIO_ACCION | D1: [K] | E1: [D] | F1: [L] | H1: EXECUTE [dbo].[ | I1: PG_CI_MOTIVO_ORDEN_TRABAJO | J1: ] | K1: =CONCATENATE($H$1,$I$1,$J$1,B3, ", ", C3, ", ", ) -> EXECUTE [dbo].[PG_CI_MOTIVO_ORDEN_TRABAJO] 0, 0,
B2: - | C2: - | D2: - | E2: - | F2: - | H2: ="-- ==========================================================" -> -- ==========================================================
B3: 0 | C3: 0 | D3: 1 | E3: Aire evaporativo sin base | F3: 1 | H3: =CONCATENATE(CI_MOTIVO!$K$1,D3,",'",E3,"', ",F3,"") -> EXECUTE [dbo].[PG_CI_MOTIVO_ORDEN_TRABAJO] 0, 0, 1,'Aire evaporativo sin base', 1
B4: 0 | C4: 0 | D4: 2 | E4: Banda floja | F4: 1 | H4: =CONCATENATE(CI_MOTIVO!$K$1,D4,",'",E4,"', ",F4,"") -> EXECUTE [dbo].[PG_CI_MOTIVO_ORDEN_TRABAJO] 0, 0, 2,'Banda floja', 1
B5: 0 | C5: 0 | D5: 3 | E5: Baquelitas resecas | F5: 1 | H5: =CONCATENATE(CI_MOTIVO!$K$1,D5,",'",E5,"', ",F5,"") -> EXECUTE [dbo].[PG_CI_MOTIVO_ORDEN_TRABAJO] 0, 0, 3,'Baquelitas resecas', 1
B6: 0 | C6: 0 | D6: 4 | E6: Base quebrada | F6: 1 | H6: =CONCATENATE(CI_MOTIVO!$K$1,D6,",'",E6,"', ",F6,"") -> EXECUTE [dbo].[PG_CI_MOTIVO_ORDEN_TRABAJO] 0, 0, 4,'Base quebrada', 1
B7: 0 | C7: 0 | D7: 5 | E7: Bloqueo | F7: 1 | H7: =CONCATENATE(CI_MOTIVO!$K$1,D7,",'",E7,"', ",F7,"") -> EXECUTE [dbo].[PG_CI_MOTIVO_ORDEN_TRABAJO] 0, 0, 5,'Bloqueo', 1
B8: 0 | C8: 0 | D8: 6 | E8: Bomba de agua dañada | F8: 1 | H8: =CONCATENATE(CI_MOTIVO!$K$1,D8,",'",E8,"', ",F8,"") -> EXECUTE [dbo].[PG_CI_MOTIVO_ORDEN_TRABAJO] 0, 0, 6,'Bomba de agua dañada', 1
B9: 0 | C9: 0 | D9: 7 | E9: Boton danado | F9: 1 | H9: =CONCATENATE(CI_MOTIVO!$K$1,D9,",'",E9,"', ",F9,"") -> EXECUTE [dbo].[PG_CI_MOTIVO_ORDEN_TRABAJO] 0, 0, 7,'Boton danado', 1
B10: 0 | C10: 0 | D10: 8 | E10: Buje suelto | F10: 1 | H10: =CONCATENATE(CI_MOTIVO!$K$1,D10,",'",E10,"', ",F10,"") -> EXECUTE [dbo].[PG_CI_MOTIVO_ORDEN_TRABAJO] 0, 0, 8,'Buje suelto', 1
B11: 0 | C11: 0 | D11: 9 | E11: Cabezal desnivelado | F11: 1 | H11: =CONCATENATE(CI_MOTIVO!$K$1,D11,",'",E11,"', ",F11,"") -> EXECUTE [dbo].[PG_CI_MOTIVO_ORDEN_TRABAJO] 0, 0, 9,'Cabezal desnivelado', 1
B12: 0 | C12: 0 | D12: 10 | E12: Cable suelto | F12: 1 | H12: =CONCATENATE(CI_MOTIVO!$K$1,D12,",'",E12,"', ",F12,"") -> EXECUTE [dbo].[PG_CI_MOTIVO_ORDEN_TRABAJO] 0, 0, 10,'Cable suelto', 1
B13: 0 | C13: 0 | D13: 11 | E13: Cadena dañada | F13: 1 | H13: =CONCATENATE(CI_MOTIVO!$K$1,D13,",'",E13,"', ",F13,"") -> EXECUTE [dbo].[PG_CI_MOTIVO_ORDEN_TRABAJO] 0, 0, 11,'Cadena dañada', 1
B14: 0 | C14: 0 | D14: 12 | E14: Cadena salida | F14: 1 | H14: =CONCATENATE(CI_MOTIVO!$K$1,D14,",'",E14,"', ",F14,"") -> EXECUTE [dbo].[PG_CI_MOTIVO_ORDEN_TRABAJO] 0, 0, 12,'Cadena salida', 1
... B102: 0 | C102: 0 | D102: 100 | E102: Vibración | F102: 1 | H102: =CONCATENATE(CI_MOTIVO!$K$1,D102,",'",E102,"', ",F102,"") -> EXECUTE [dbo].[PG_CI_MOTIVO_ORDEN_TRABAJO] 0, 0, 100,'Vibración', 1

Sheet CI_TIPO
A1: ??? | B1: K_SISTEMA_EXE | C1: K_USUARIO_ACCION | D1: [K] | E1: [D] | F1: [L] | H1: EXECUTE [dbo].[ | I1: PG_CI_TIPO_ORDEN_TRABAJO | J1: ] | K1: =CONCATENATE($H$1,$I$1,$J$1,B3, ", ", C3, ", ", ) -> EXECUTE [dbo].[PG_CI_TIPO_ORDEN_TRABAJO] 0, 0,
B2: - | C2: - | D2: - | E2: - | F2: - | H2: ="-- ==========================================================" -> -- ==========================================================
B3: 0 | C3: 0 | D3: 1 | F3: 1 | H3: =CONCATENATE(CI_TIPO!$K$1,D3,",'",E3,"', ",F3,"") -> EXECUTE [dbo].[PG_CI_TIPO_ORDEN_TRABAJO] 0, 0, 1,'', 1
B4: 0 | C4: 0 | D4: 2 | E4: Fabricación Dado | F4: 1 | H4: =CONCATENATE(CI_TIPO!$K$1,D4,",'",E4,"', ",F4,"") -> EXECUTE [dbo].[PG_CI_TIPO_ORDEN_TRABAJO] 0, 0, 2,'Fabricación Dado', 1
B5: 0 | C5: 0 | D5: 3 | E5: Mantenimiento Dado | F5: 1 | H5: =CONCATENATE(CI_TIPO!$K$1,D5,",'",E5,"', ",F5,"") -> EXECUTE [dbo].[PG_CI_TIPO_ORDEN_TRABAJO] 0, 0, 3,'Mantenimiento Dado', 1
B6: 0 | C6: 0 | D6: 4 | E6: Reparación Dado | F6: 1 | H6: =CONCATENATE(CI_TIPO!$K$1,D6,",'",E6,"', ",F6,"") -> EXECUTE [dbo].[PG_CI_TIPO_ORDEN_TRABAJO] 0, 0, 4,'Reparación Dado', 1
B7: 0 | C7: 0 | D7: 5 | F7: 1 | H7: =CONCATENATE(CI_TIPO!$K$1,D7,",'",E7,"', ",F7,"") -> EXECUTE [dbo].[PG_CI_TIPO_ORDEN_TRABAJO] 0, 0, 5,'', 1
B8: 0 | C8: 0 | D8: 6 | F8: 1 | H8: =CONCATENATE(CI_TIPO!$K$1,D8,",'",E8,"', ",F8,"") -> EXECUTE [dbo].[PG_CI_TIPO_ORDEN_TRABAJO] 0, 0, 6,'', 1
B9: 0 | C9: 0 | D9: 7 | F9: 1 | H9: =CONCATENATE(CI_TIPO!$K$1,D9,",'",E9,"', ",F9,"") -> EXECUTE [dbo].[PG_CI_TIPO_ORDEN_TRABAJO] 0, 0, 7,'', 1
B10: 0 | C10: 0 | D10: 8 | F10: 1 | H10: =CONCATENATE(CI_TIPO!$K$1,D10,",'",E10,"', ",F10,"") -> EXECUTE [dbo].[PG_CI_TIPO_ORDEN_TRABAJO] 0, 0, 8,'', 1
B11: 0 | C11: 0 | D11: 9 | F11: 1 | H11: =CONCATENATE(CI_TIPO!$K$1,D11,",'",E11,"', ",F11,"") -> EXECUTE [dbo].[PG_CI_TIPO_ORDEN_TRABAJO] 0, 0, 9,'', 1
B12: 0 | C12: 0 | D12: 10 | E12: Ajuste | F12: 1 | H12: =CONCATENATE(CI_TIPO!$K$1,D12,",'",E12,"', ",F12,"") -> EXECUTE [dbo].[PG_CI_TIPO_ORDEN_TRABAJO] 0, 0, 10,'Ajuste', 1
B13: 0 | C13: 0 | D13: 11 | E13: Banda floja | F13: 1 | H13: =CONCATENATE(CI_TIPO!$K$1,D13,",'",E13,"', ",F13,"") -> EXECUTE [dbo].[PG_CI_TIPO_ORDEN_TRABAJO] 0, 0, 11,'Banda floja', 1
B14: 0 | C14: 0 | D14: 12 | E14: Bomba dañada | F14: 1 | H14: =CONCATENATE(CI_TIPO!$K$1,D14,",'",E14,"', ",F14,"") -> EXECUTE [dbo].[PG_CI_TIPO_ORDEN_TRABAJO] 0, 0, 12,'Bomba dañada', 1
B15: 0 | C15: 0 | D15: 13 | E15: Cable suelto | F15: 1 | H15: =CONCATENATE(CI_TIPO!$K$1,D15,",'",E15,"', ",F15,"") -> EXECUTE [dbo].[PG_CI_TIPO_ORDEN_TRABAJO] 0, 0, 13,'Cable suelto', 1
B16: 0 | C16: 0 | D16: 14 | E16: Cadena dañada | F16: 1 | H16: =CONCATENATE(CI_TIPO!$K$1,D16,",'",E16,"', ",F16,"") -> EXECUTE [dbo].[PG_CI_TIPO_ORDEN_TRABAJO] 0, 0, 14,'Cadena dañada', 1
B17: 0 | C17: 0 | D17: 15 | E17: Carrito dañado | F17: 1 | H17: =CONCATENATE(CI_TIPO!$K$1,D17,",'",E17,"', ",F17,"") -> EXECUTE [dbo].[PG_CI_TIPO_ORDEN_TRABAJO] 0, 0, 15,'Carrito dañado', 1
B18: 0 | C18: 0 | D18: 16 | E18: Chumacera dañada | F18: 1 | H18: =CONCATENATE(CI_TIPO!$K$1,D18,",'",E18,"', ",F18,"") -> EXECUTE [dbo].[PG_CI_TIPO_ORDEN_TRABAJO] 0, 0, 16,'Chumacera dañada', 1
B19: 0 | C19: 0 | D19: 17 | E19: Desgaste de filo | F19: 1 | H19: =CONCATENATE(CI_TIPO!$K$1,D19,",'",E19,"', ",F19,"") -> EXECUTE [dbo].[PG_CI_TIPO_ORDEN_TRABAJO] 0, 0, 17,'Desgaste de filo', 1
B20: 0 | C20: 0 | D20: 18 | E20: Desgaste de navaja | F20: 1 | H20: =CONCATENATE(CI_TIPO!$K$1,D20,",'",E20,"', ",F20,"") -> EXECUTE [dbo].[PG_CI_TIPO_ORDEN_TRABAJO] 0, 0, 18,'Desgaste de navaja', 1
B21: 0 | C21: 0 | D21: 19 | E21: Fabricación | F21: 1 | H21: =CONCATENATE(CI_TIPO!$K$1,D21,",'",E21,"', ",F21,"") -> EXECUTE [dbo].[PG_CI_TIPO_ORDEN_TRABAJO] 0, 0, 19,'Fabricación', 1
B22: 0 | C22: 0 | D22: 20 | E22: Falla de amortiguador | F22: 1 | H22: =CONCATENATE(CI_TIPO!$K$1,D22,",'",E22,"', ",F22,"") -> EXECUTE [dbo].[PG_CI_TIPO_ORDEN_TRABAJO] 0, 0, 20,'Falla de amortiguador', 1
B23: 0 | C23: 0 | D23: 21 | E23: Falla de chainblock | F23: 1 | H23: =CONCATENATE(CI_TIPO!$K$1,D23,",'",E23,"', ",F23,"") -> EXECUTE [dbo].[PG_CI_TIPO_ORDEN_TRABAJO] 0, 0, 21,'Falla de chainblock', 1
... B76: 0 | C76: 0 | D76: 74 | E76: Vibración | F76: 1 | H76: =CONCATENATE(CI_TIPO!$K$1,D76,",'",E76,"', ",F76,"") -> EXECUTE [dbo].[PG_CI_TIPO_ORDEN_TRABAJO] 0, 0, 74,'Vibración', 1
B77: 0 | C77: 0 | D77: 75 | F77: 1 | H77: =CONCATENATE(CI_TIPO!$K$1,D77,",'",E77,"', ",F77,"") -> EXECUTE [dbo].[PG_CI_TIPO_ORDEN_TRABAJO] 0, 0, 75,'', 1
B78: 0 | C78: 0 | D78: 76 | F78: 1 | H78: =CONCATENATE(CI_TIPO!$K$1,D78,",'",E78,"', ",F78,"") -> EXECUTE [dbo].[PG_CI_TIPO_ORDEN_TRABAJO] 0, 0, 76,'', 1
B79: 0 | C79: 0 | D79: 77 | F79: 1 | H79: =CONCATENATE(CI_TIPO!$K$1,D79,",'",E79,"', ",F79,"") -> EXECUTE [dbo].[PG_CI_TIPO_ORDEN_TRABAJO] 0, 0, 77,'', 1
B80: 0 | C80: 0 | D80: 78 | F80: 1 | H80: =CONCATENATE(CI_TIPO!$K$1,D80,",'",E80,"', ",F80,"") -> EXECUTE [dbo].[PG_CI_TIPO_ORDEN_TRABAJO] 0, 0, 78,'', 1

Sheet Hoja2
A1: T01 | B1: 1
A2: T02 | B2: 1
A3: T03 | B3: 1
A4: T04 | B4: 1
A5: T05 | B5: 1
A6: T06 | B6: 1
A7: T07 | B7: 1
A8: T08 | B8: 1
A9: T09 | B9: 1
A10: T10 | B10: 1
A11: T11 | B11: 1
A12: T12 | B12: 1
... A85: T85 | B85: 8
